Subject,Average Score,Cohort,Value,IncomeStudent
Math,66.41675126903554,,,
English,67.08013468013469,,,
Science,68.31868686868687,,,
History,67.02315436241611,,,
Attendance,81.02572402044292,,,
,,25-26,92.93,
,,26-27,91.24,
,,27-28,92.31,
,,,93.48,No
,,,90.24,Yes
